catalogue_id,book_section,name,printed_page,pdf_page,source,original_inputs,plugin_inputs,plugins,status,reason,outcome_status
1,2.2,Covered call,18,19,context:library/151-trading-strategies/original/151-trading-strategies.pdf,"Historical option chains, quotes, exercise and underlying adjustments","Historical option chains, quotes, exercise and underlying adjustments",,blocked_inputs,"Purchased six dated-futures OHLCV/curves do not supply Historical option chains, quotes, exercise and underlying adjustments.",not_evaluated_plugin
2,2.3,Covered put,18,19,context:library/151-trading-strategies/original/151-trading-strategies.pdf,"Historical option chains, quotes, exercise and underlying adjustments","Historical option chains, quotes, exercise and underlying adjustments",,blocked_inputs,"Purchased six dated-futures OHLCV/curves do not supply Historical option chains, quotes, exercise and underlying adjustments.",not_evaluated_plugin
3,2.4,Protective put,19,20,context:library/151-trading-strategies/original/151-trading-strategies.pdf,"Historical option chains, quotes, exercise and underlying adjustments","Historical option chains, quotes, exercise and underlying adjustments",,blocked_inputs,"Purchased six dated-futures OHLCV/curves do not supply Historical option chains, quotes, exercise and underlying adjustments.",not_evaluated_plugin
4,2.5,Protective call,19,20,context:library/151-trading-strategies/original/151-trading-strategies.pdf,"Historical option chains, quotes, exercise and underlying adjustments","Historical option chains, quotes, exercise and underlying adjustments",,blocked_inputs,"Purchased six dated-futures OHLCV/curves do not supply Historical option chains, quotes, exercise and underlying adjustments.",not_evaluated_plugin
5,2.6,Bull call spread,19,20,context:library/151-trading-strategies/original/151-trading-strategies.pdf,"Historical option chains, quotes, exercise and underlying adjustments","Historical option chains, quotes, exercise and underlying adjustments",,blocked_inputs,"Purchased six dated-futures OHLCV/curves do not supply Historical option chains, quotes, exercise and underlying adjustments.",not_evaluated_plugin
6,2.7,Bull put spread,20,21,context:library/151-trading-strategies/original/151-trading-strategies.pdf,"Historical option chains, quotes, exercise and underlying adjustments","Historical option chains, quotes, exercise and underlying adjustments",,blocked_inputs,"Purchased six dated-futures OHLCV/curves do not supply Historical option chains, quotes, exercise and underlying adjustments.",not_evaluated_plugin
7,2.8,Bear call spread,20,21,context:library/151-trading-strategies/original/151-trading-strategies.pdf,"Historical option chains, quotes, exercise and underlying adjustments","Historical option chains, quotes, exercise and underlying adjustments",,blocked_inputs,"Purchased six dated-futures OHLCV/curves do not supply Historical option chains, quotes, exercise and underlying adjustments.",not_evaluated_plugin
8,2.9,Bear put spread,20,21,context:library/151-trading-strategies/original/151-trading-strategies.pdf,"Historical option chains, quotes, exercise and underlying adjustments","Historical option chains, quotes, exercise and underlying adjustments",,blocked_inputs,"Purchased six dated-futures OHLCV/curves do not supply Historical option chains, quotes, exercise and underlying adjustments.",not_evaluated_plugin
9,2.10,Long synthetic forward,21,22,context:library/151-trading-strategies/original/151-trading-strategies.pdf,"Historical option chains, quotes, exercise and underlying adjustments","Historical option chains, quotes, exercise and underlying adjustments",,blocked_inputs,"Purchased six dated-futures OHLCV/curves do not supply Historical option chains, quotes, exercise and underlying adjustments.",not_evaluated_plugin
10,2.11,Short synthetic forward,21,22,context:library/151-trading-strategies/original/151-trading-strategies.pdf,"Historical option chains, quotes, exercise and underlying adjustments","Historical option chains, quotes, exercise and underlying adjustments",,blocked_inputs,"Purchased six dated-futures OHLCV/curves do not supply Historical option chains, quotes, exercise and underlying adjustments.",not_evaluated_plugin
11,2.12,Long combo,21,22,context:library/151-trading-strategies/original/151-trading-strategies.pdf,"Historical option chains, quotes, exercise and underlying adjustments","Historical option chains, quotes, exercise and underlying adjustments",,blocked_inputs,"Purchased six dated-futures OHLCV/curves do not supply Historical option chains, quotes, exercise and underlying adjustments.",not_evaluated_plugin
12,2.13,Short combo,22,23,context:library/151-trading-strategies/original/151-trading-strategies.pdf,"Historical option chains, quotes, exercise and underlying adjustments","Historical option chains, quotes, exercise and underlying adjustments",,blocked_inputs,"Purchased six dated-futures OHLCV/curves do not supply Historical option chains, quotes, exercise and underlying adjustments.",not_evaluated_plugin
13,2.14,Bull call ladder,22,23,context:library/151-trading-strategies/original/151-trading-strategies.pdf,"Historical option chains, quotes, exercise and underlying adjustments","Historical option chains, quotes, exercise and underlying adjustments",,blocked_inputs,"Purchased six dated-futures OHLCV/curves do not supply Historical option chains, quotes, exercise and underlying adjustments.",not_evaluated_plugin
14,2.15,Bull put ladder,23,24,context:library/151-trading-strategies/original/151-trading-strategies.pdf,"Historical option chains, quotes, exercise and underlying adjustments","Historical option chains, quotes, exercise and underlying adjustments",,blocked_inputs,"Purchased six dated-futures OHLCV/curves do not supply Historical option chains, quotes, exercise and underlying adjustments.",not_evaluated_plugin
15,2.16,Bear call ladder,23,24,context:library/151-trading-strategies/original/151-trading-strategies.pdf,"Historical option chains, quotes, exercise and underlying adjustments","Historical option chains, quotes, exercise and underlying adjustments",,blocked_inputs,"Purchased six dated-futures OHLCV/curves do not supply Historical option chains, quotes, exercise and underlying adjustments.",not_evaluated_plugin
16,2.17,Bear put ladder,23,24,context:library/151-trading-strategies/original/151-trading-strategies.pdf,"Historical option chains, quotes, exercise and underlying adjustments","Historical option chains, quotes, exercise and underlying adjustments",,blocked_inputs,"Purchased six dated-futures OHLCV/curves do not supply Historical option chains, quotes, exercise and underlying adjustments.",not_evaluated_plugin
17,2.18,Calendar call spread,24,25,context:library/151-trading-strategies/original/151-trading-strategies.pdf,"Historical option chains, quotes, exercise and underlying adjustments","Historical option chains, quotes, exercise and underlying adjustments",,blocked_inputs,"Purchased six dated-futures OHLCV/curves do not supply Historical option chains, quotes, exercise and underlying adjustments.",not_evaluated_plugin
18,2.19,Calendar put spread,24,25,context:library/151-trading-strategies/original/151-trading-strategies.pdf,"Historical option chains, quotes, exercise and underlying adjustments","Historical option chains, quotes, exercise and underlying adjustments",,blocked_inputs,"Purchased six dated-futures OHLCV/curves do not supply Historical option chains, quotes, exercise and underlying adjustments.",not_evaluated_plugin
19,2.20,Diagonal call spread,25,26,context:library/151-trading-strategies/original/151-trading-strategies.pdf,"Historical option chains, quotes, exercise and underlying adjustments","Historical option chains, quotes, exercise and underlying adjustments",,blocked_inputs,"Purchased six dated-futures OHLCV/curves do not supply Historical option chains, quotes, exercise and underlying adjustments.",not_evaluated_plugin
20,2.21,Diagonal put spread,25,26,context:library/151-trading-strategies/original/151-trading-strategies.pdf,"Historical option chains, quotes, exercise and underlying adjustments","Historical option chains, quotes, exercise and underlying adjustments",,blocked_inputs,"Purchased six dated-futures OHLCV/curves do not supply Historical option chains, quotes, exercise and underlying adjustments.",not_evaluated_plugin
21,2.22,Long straddle,26,27,context:library/151-trading-strategies/original/151-trading-strategies.pdf,"Historical option chains, quotes, exercise and underlying adjustments","Historical option chains, quotes, exercise and underlying adjustments",,blocked_inputs,"Purchased six dated-futures OHLCV/curves do not supply Historical option chains, quotes, exercise and underlying adjustments.",not_evaluated_plugin
22,2.23,Long strangle,26,27,context:library/151-trading-strategies/original/151-trading-strategies.pdf,"Historical option chains, quotes, exercise and underlying adjustments","Historical option chains, quotes, exercise and underlying adjustments",,blocked_inputs,"Purchased six dated-futures OHLCV/curves do not supply Historical option chains, quotes, exercise and underlying adjustments.",not_evaluated_plugin
23,2.24,Long guts,26,27,context:library/151-trading-strategies/original/151-trading-strategies.pdf,"Historical option chains, quotes, exercise and underlying adjustments","Historical option chains, quotes, exercise and underlying adjustments",,blocked_inputs,"Purchased six dated-futures OHLCV/curves do not supply Historical option chains, quotes, exercise and underlying adjustments.",not_evaluated_plugin
24,2.25,Short straddle,27,28,context:library/151-trading-strategies/original/151-trading-strategies.pdf,"Historical option chains, quotes, exercise and underlying adjustments","Historical option chains, quotes, exercise and underlying adjustments",,blocked_inputs,"Purchased six dated-futures OHLCV/curves do not supply Historical option chains, quotes, exercise and underlying adjustments.",not_evaluated_plugin
25,2.26,Short strangle,27,28,context:library/151-trading-strategies/original/151-trading-strategies.pdf,"Historical option chains, quotes, exercise and underlying adjustments","Historical option chains, quotes, exercise and underlying adjustments",,blocked_inputs,"Purchased six dated-futures OHLCV/curves do not supply Historical option chains, quotes, exercise and underlying adjustments.",not_evaluated_plugin
26,2.27,Short guts,27,28,context:library/151-trading-strategies/original/151-trading-strategies.pdf,"Historical option chains, quotes, exercise and underlying adjustments","Historical option chains, quotes, exercise and underlying adjustments",,blocked_inputs,"Purchased six dated-futures OHLCV/curves do not supply Historical option chains, quotes, exercise and underlying adjustments.",not_evaluated_plugin
27,2.28,Long call synthetic straddle,28,29,context:library/151-trading-strategies/original/151-trading-strategies.pdf,"Historical option chains, quotes, exercise and underlying adjustments","Historical option chains, quotes, exercise and underlying adjustments",,blocked_inputs,"Purchased six dated-futures OHLCV/curves do not supply Historical option chains, quotes, exercise and underlying adjustments.",not_evaluated_plugin
28,2.29,Long put synthetic straddle,28,29,context:library/151-trading-strategies/original/151-trading-strategies.pdf,"Historical option chains, quotes, exercise and underlying adjustments","Historical option chains, quotes, exercise and underlying adjustments",,blocked_inputs,"Purchased six dated-futures OHLCV/curves do not supply Historical option chains, quotes, exercise and underlying adjustments.",not_evaluated_plugin
29,2.30,Short call synthetic straddle,28,29,context:library/151-trading-strategies/original/151-trading-strategies.pdf,"Historical option chains, quotes, exercise and underlying adjustments","Historical option chains, quotes, exercise and underlying adjustments",,blocked_inputs,"Purchased six dated-futures OHLCV/curves do not supply Historical option chains, quotes, exercise and underlying adjustments.",not_evaluated_plugin
30,2.31,Short put synthetic straddle,29,30,context:library/151-trading-strategies/original/151-trading-strategies.pdf,"Historical option chains, quotes, exercise and underlying adjustments","Historical option chains, quotes, exercise and underlying adjustments",,blocked_inputs,"Purchased six dated-futures OHLCV/curves do not supply Historical option chains, quotes, exercise and underlying adjustments.",not_evaluated_plugin
31,2.32,Covered short straddle,29,30,context:library/151-trading-strategies/original/151-trading-strategies.pdf,"Historical option chains, quotes, exercise and underlying adjustments","Historical option chains, quotes, exercise and underlying adjustments",,blocked_inputs,"Purchased six dated-futures OHLCV/curves do not supply Historical option chains, quotes, exercise and underlying adjustments.",not_evaluated_plugin
32,2.33,Covered short strangle,29,30,context:library/151-trading-strategies/original/151-trading-strategies.pdf,"Historical option chains, quotes, exercise and underlying adjustments","Historical option chains, quotes, exercise and underlying adjustments",,blocked_inputs,"Purchased six dated-futures OHLCV/curves do not supply Historical option chains, quotes, exercise and underlying adjustments.",not_evaluated_plugin
33,2.34,Strap,30,31,context:library/151-trading-strategies/original/151-trading-strategies.pdf,"Historical option chains, quotes, exercise and underlying adjustments","Historical option chains, quotes, exercise and underlying adjustments",,blocked_inputs,"Purchased six dated-futures OHLCV/curves do not supply Historical option chains, quotes, exercise and underlying adjustments.",not_evaluated_plugin
34,2.35,Strip,30,31,context:library/151-trading-strategies/original/151-trading-strategies.pdf,"Historical option chains, quotes, exercise and underlying adjustments","Historical option chains, quotes, exercise and underlying adjustments",,blocked_inputs,"Purchased six dated-futures OHLCV/curves do not supply Historical option chains, quotes, exercise and underlying adjustments.",not_evaluated_plugin
35,2.36,Call ratio backspread,30,31,context:library/151-trading-strategies/original/151-trading-strategies.pdf,"Historical option chains, quotes, exercise and underlying adjustments","Historical option chains, quotes, exercise and underlying adjustments",,blocked_inputs,"Purchased six dated-futures OHLCV/curves do not supply Historical option chains, quotes, exercise and underlying adjustments.",not_evaluated_plugin
36,2.37,Put ratio backspread,31,32,context:library/151-trading-strategies/original/151-trading-strategies.pdf,"Historical option chains, quotes, exercise and underlying adjustments","Historical option chains, quotes, exercise and underlying adjustments",,blocked_inputs,"Purchased six dated-futures OHLCV/curves do not supply Historical option chains, quotes, exercise and underlying adjustments.",not_evaluated_plugin
37,2.38,Ratio call spread,31,32,context:library/151-trading-strategies/original/151-trading-strategies.pdf,"Historical option chains, quotes, exercise and underlying adjustments","Historical option chains, quotes, exercise and underlying adjustments",,blocked_inputs,"Purchased six dated-futures OHLCV/curves do not supply Historical option chains, quotes, exercise and underlying adjustments.",not_evaluated_plugin
38,2.39,Ratio put spread,31,32,context:library/151-trading-strategies/original/151-trading-strategies.pdf,"Historical option chains, quotes, exercise and underlying adjustments","Historical option chains, quotes, exercise and underlying adjustments",,blocked_inputs,"Purchased six dated-futures OHLCV/curves do not supply Historical option chains, quotes, exercise and underlying adjustments.",not_evaluated_plugin
39,2.40,Long call butterﬂy,32,33,context:library/151-trading-strategies/original/151-trading-strategies.pdf,"Historical option chains, quotes, exercise and underlying adjustments","Historical option chains, quotes, exercise and underlying adjustments",,blocked_inputs,"Purchased six dated-futures OHLCV/curves do not supply Historical option chains, quotes, exercise and underlying adjustments.",not_evaluated_plugin
40,2.40.1,Modiﬁed call butterﬂy,32,33,context:library/151-trading-strategies/original/151-trading-strategies.pdf,"Historical option chains, quotes, exercise and underlying adjustments","Historical option chains, quotes, exercise and underlying adjustments",,blocked_inputs,"Purchased six dated-futures OHLCV/curves do not supply Historical option chains, quotes, exercise and underlying adjustments.",not_evaluated_plugin
41,2.41,Long put butterﬂy,32,33,context:library/151-trading-strategies/original/151-trading-strategies.pdf,"Historical option chains, quotes, exercise and underlying adjustments","Historical option chains, quotes, exercise and underlying adjustments",,blocked_inputs,"Purchased six dated-futures OHLCV/curves do not supply Historical option chains, quotes, exercise and underlying adjustments.",not_evaluated_plugin
42,2.41.1,Modiﬁed put butterﬂy,33,34,context:library/151-trading-strategies/original/151-trading-strategies.pdf,"Historical option chains, quotes, exercise and underlying adjustments","Historical option chains, quotes, exercise and underlying adjustments",,blocked_inputs,"Purchased six dated-futures OHLCV/curves do not supply Historical option chains, quotes, exercise and underlying adjustments.",not_evaluated_plugin
43,2.42,Short call butterﬂy,33,34,context:library/151-trading-strategies/original/151-trading-strategies.pdf,"Historical option chains, quotes, exercise and underlying adjustments","Historical option chains, quotes, exercise and underlying adjustments",,blocked_inputs,"Purchased six dated-futures OHLCV/curves do not supply Historical option chains, quotes, exercise and underlying adjustments.",not_evaluated_plugin
44,2.43,Short put butterﬂy,33,34,context:library/151-trading-strategies/original/151-trading-strategies.pdf,"Historical option chains, quotes, exercise and underlying adjustments","Historical option chains, quotes, exercise and underlying adjustments",,blocked_inputs,"Purchased six dated-futures OHLCV/curves do not supply Historical option chains, quotes, exercise and underlying adjustments.",not_evaluated_plugin
45,2.44,“Long” iron butterﬂy,34,35,context:library/151-trading-strategies/original/151-trading-strategies.pdf,"Historical option chains, quotes, exercise and underlying adjustments","Historical option chains, quotes, exercise and underlying adjustments",,blocked_inputs,"Purchased six dated-futures OHLCV/curves do not supply Historical option chains, quotes, exercise and underlying adjustments.",not_evaluated_plugin
46,2.45,“Short” iron butterﬂy,34,35,context:library/151-trading-strategies/original/151-trading-strategies.pdf,"Historical option chains, quotes, exercise and underlying adjustments","Historical option chains, quotes, exercise and underlying adjustments",,blocked_inputs,"Purchased six dated-futures OHLCV/curves do not supply Historical option chains, quotes, exercise and underlying adjustments.",not_evaluated_plugin
47,2.46,Long call condor,34,35,context:library/151-trading-strategies/original/151-trading-strategies.pdf,"Historical option chains, quotes, exercise and underlying adjustments","Historical option chains, quotes, exercise and underlying adjustments",,blocked_inputs,"Purchased six dated-futures OHLCV/curves do not supply Historical option chains, quotes, exercise and underlying adjustments.",not_evaluated_plugin
48,2.47,Long put condor,35,36,context:library/151-trading-strategies/original/151-trading-strategies.pdf,"Historical option chains, quotes, exercise and underlying adjustments","Historical option chains, quotes, exercise and underlying adjustments",,blocked_inputs,"Purchased six dated-futures OHLCV/curves do not supply Historical option chains, quotes, exercise and underlying adjustments.",not_evaluated_plugin
49,2.48,Short call condor,35,36,context:library/151-trading-strategies/original/151-trading-strategies.pdf,"Historical option chains, quotes, exercise and underlying adjustments","Historical option chains, quotes, exercise and underlying adjustments",,blocked_inputs,"Purchased six dated-futures OHLCV/curves do not supply Historical option chains, quotes, exercise and underlying adjustments.",not_evaluated_plugin
50,2.49,Short put condor,35,36,context:library/151-trading-strategies/original/151-trading-strategies.pdf,"Historical option chains, quotes, exercise and underlying adjustments","Historical option chains, quotes, exercise and underlying adjustments",,blocked_inputs,"Purchased six dated-futures OHLCV/curves do not supply Historical option chains, quotes, exercise and underlying adjustments.",not_evaluated_plugin
51,2.50,Long iron condor,36,37,context:library/151-trading-strategies/original/151-trading-strategies.pdf,"Historical option chains, quotes, exercise and underlying adjustments","Historical option chains, quotes, exercise and underlying adjustments",,blocked_inputs,"Purchased six dated-futures OHLCV/curves do not supply Historical option chains, quotes, exercise and underlying adjustments.",not_evaluated_plugin
52,2.51,Short iron condor,36,37,context:library/151-trading-strategies/original/151-trading-strategies.pdf,"Historical option chains, quotes, exercise and underlying adjustments","Historical option chains, quotes, exercise and underlying adjustments",,blocked_inputs,"Purchased six dated-futures OHLCV/curves do not supply Historical option chains, quotes, exercise and underlying adjustments.",not_evaluated_plugin
53,2.52,Long box,37,38,context:library/151-trading-strategies/original/151-trading-strategies.pdf,"Historical option chains, quotes, exercise and underlying adjustments","Historical option chains, quotes, exercise and underlying adjustments",,blocked_inputs,"Purchased six dated-futures OHLCV/curves do not supply Historical option chains, quotes, exercise and underlying adjustments.",not_evaluated_plugin
54,2.53,Collar,37,38,context:library/151-trading-strategies/original/151-trading-strategies.pdf,"Historical option chains, quotes, exercise and underlying adjustments","Historical option chains, quotes, exercise and underlying adjustments",,blocked_inputs,"Purchased six dated-futures OHLCV/curves do not supply Historical option chains, quotes, exercise and underlying adjustments.",not_evaluated_plugin
55,2.54,Bullish short seagull spread,37,38,context:library/151-trading-strategies/original/151-trading-strategies.pdf,"Historical option chains, quotes, exercise and underlying adjustments","Historical option chains, quotes, exercise and underlying adjustments",,blocked_inputs,"Purchased six dated-futures OHLCV/curves do not supply Historical option chains, quotes, exercise and underlying adjustments.",not_evaluated_plugin
56,2.55,Bearish long seagull spread,38,39,context:library/151-trading-strategies/original/151-trading-strategies.pdf,"Historical option chains, quotes, exercise and underlying adjustments","Historical option chains, quotes, exercise and underlying adjustments",,blocked_inputs,"Purchased six dated-futures OHLCV/curves do not supply Historical option chains, quotes, exercise and underlying adjustments.",not_evaluated_plugin
57,2.56,Bearish short seagull spread,38,39,context:library/151-trading-strategies/original/151-trading-strategies.pdf,"Historical option chains, quotes, exercise and underlying adjustments","Historical option chains, quotes, exercise and underlying adjustments",,blocked_inputs,"Purchased six dated-futures OHLCV/curves do not supply Historical option chains, quotes, exercise and underlying adjustments.",not_evaluated_plugin
58,2.57,Bullish long seagull spread,39,40,context:library/151-trading-strategies/original/151-trading-strategies.pdf,"Historical option chains, quotes, exercise and underlying adjustments","Historical option chains, quotes, exercise and underlying adjustments",,blocked_inputs,"Purchased six dated-futures OHLCV/curves do not supply Historical option chains, quotes, exercise and underlying adjustments.",not_evaluated_plugin
59,3.1,Price-momentum,40,41,context:library/151-trading-strategies/original/151-trading-strategies.pdf,"Point-in-time adjusted equity universe, fundamentals/borrow where required",notional_returns,price_momentum,implemented_adaptation,"Sum causal notional P&L returns, skip21 bars; one winner/loser instead of stock deciles.",not_evaluated_plugin
60,3.2,Earnings-momentum,41,42,context:library/151-trading-strategies/original/151-trading-strategies.pdf,"Point-in-time adjusted equity universe, fundamentals/borrow where required","Point-in-time adjusted equity universe, fundamentals/borrow where required",,blocked_inputs,"Purchased six dated-futures OHLCV/curves do not supply Point-in-time adjusted equity universe, fundamentals/borrow where required.",not_evaluated_plugin
61,3.3,Value,42,43,context:library/151-trading-strategies/original/151-trading-strategies.pdf,"Point-in-time adjusted equity universe, fundamentals/borrow where required","Point-in-time adjusted equity universe, fundamentals/borrow where required",,blocked_inputs,"Purchased six dated-futures OHLCV/curves do not supply Point-in-time adjusted equity universe, fundamentals/borrow where required.",not_evaluated_plugin
62,3.4,Low-volatility anomaly,42,43,context:library/151-trading-strategies/original/151-trading-strategies.pdf,"Point-in-time adjusted equity universe, fundamentals/borrow where required",notional_returns,low_volatility,implemented_adaptation,Rank comparable notional-return volatility; engine risk allocation may attenuate anomaly.,not_evaluated_plugin
63,3.5,Implied volatility,43,44,context:library/151-trading-strategies/original/151-trading-strategies.pdf,"Point-in-time adjusted equity universe, fundamentals/borrow where required","Point-in-time adjusted equity universe, fundamentals/borrow where required",,blocked_inputs,"Purchased six dated-futures OHLCV/curves do not supply Point-in-time adjusted equity universe, fundamentals/borrow where required.",not_evaluated_plugin
64,3.6,Multifactor portfolio,43,44,context:library/151-trading-strategies/original/151-trading-strategies.pdf,"Point-in-time adjusted equity universe, fundamentals/borrow where required","Point-in-time adjusted equity universe, fundamentals/borrow where required",,blocked_inputs,"Purchased six dated-futures OHLCV/curves do not supply Point-in-time adjusted equity universe, fundamentals/borrow where required.",not_evaluated_plugin
65,3.7,Residual momentum,44,45,context:library/151-trading-strategies/original/151-trading-strategies.pdf,"Point-in-time adjusted equity universe, fundamentals/borrow where required","Point-in-time adjusted equity universe, fundamentals/borrow where required",,blocked_inputs,Fama-French market/size/value factors and risk-free rates absent; no synthetic substitute.,not_evaluated_plugin
66,3.8,Pairs trading,45,46,context:library/151-trading-strategies/original/151-trading-strategies.pdf,"Point-in-time adjusted equity universe, fundamentals/borrow where required",notional_returns,pair_reversal,implemented_adaptation,Fixed ES/NQ pair; require63-bar historical correlation>=0.5; no discovered pair selection.,not_evaluated_plugin
67,3.9,Mean-reversion – single cluster,46,47,context:library/151-trading-strategies/original/151-trading-strategies.pdf,"Point-in-time adjusted equity universe, fundamentals/borrow where required",notional_returns,pair_reversal,implemented_adaptation,Fixed ES/NQ pair; require63-bar historical correlation>=0.5; no discovered pair selection.,not_evaluated_plugin
68,3.9.1,Mean-reversion – multiple clusters,47,48,context:library/151-trading-strategies/original/151-trading-strategies.pdf,"Point-in-time adjusted equity universe, fundamentals/borrow where required","Point-in-time adjusted equity universe, fundamentals/borrow where required",,blocked_inputs,Book requires correlated clusters/industry membership; six heterogeneous roots do not supply these.,not_evaluated_plugin
69,3.10,Mean-reversion – weighted regression,49,50,context:library/151-trading-strategies/original/151-trading-strategies.pdf,"Point-in-time adjusted equity universe, fundamentals/borrow where required","Point-in-time adjusted equity universe, fundamentals/borrow where required",,blocked_inputs,Book regression loading/cluster specification absent; do not invent stock exposures.,not_evaluated_plugin
70,3.11,Single moving average,49,50,context:library/151-trading-strategies/original/151-trading-strategies.pdf,"Point-in-time adjusted equity universe, fundamentals/borrow where required",ohlc,single_ma,implemented_adaptation,Fixed dated-contract price vs strictly previous-bar SMA; common futures risk policy.,not_evaluated_plugin
71,3.12,Two moving averages,50,51,context:library/151-trading-strategies/original/151-trading-strategies.pdf,"Point-in-time adjusted equity universe, fundamentals/borrow where required",ohlc,double_ma,implemented_adaptation,Ordered finite SMA pairs on one dated instrument; no added stop rule.,not_evaluated_plugin
72,3.13,Three moving averages,51,52,context:library/151-trading-strategies/original/151-trading-strategies.pdf,"Point-in-time adjusted equity universe, fundamentals/borrow where required",ohlc;positions,triple_ma,implemented_adaptation,"Book ordered triple entries and fast/medium exits, using actual held position sign.",not_evaluated_plugin
73,3.14,Support and resistance,51,52,context:library/151-trading-strategies/original/151-trading-strategies.pdf,"Point-in-time adjusted equity universe, fundamentals/borrow where required",ohlc,pivot,implemented_adaptation,"Daily closed-bar snapshot of book pivot entry/exit zones, next executable open only.",not_evaluated_plugin
74,3.15,Channel,52,53,context:library/151-trading-strategies/original/151-trading-strategies.pdf,"Point-in-time adjusted equity universe, fundamentals/borrow where required",ohlc;positions,channel,implemented_adaptation,Contrarian close-channel floor/ceiling rule; prior channel excludes signal bar; no intraday fills.,not_evaluated_plugin
75,3.16,Event-driven – M&A,52,53,context:library/151-trading-strategies/original/151-trading-strategies.pdf,"Point-in-time adjusted equity universe, fundamentals/borrow where required","Point-in-time adjusted equity universe, fundamentals/borrow where required",,blocked_inputs,"Purchased six dated-futures OHLCV/curves do not supply Point-in-time adjusted equity universe, fundamentals/borrow where required.",not_evaluated_plugin
76,3.17,Machine learning – single-stock KNN,53,54,context:library/151-trading-strategies/original/151-trading-strategies.pdf,"Point-in-time adjusted equity universe, fundamentals/borrow where required",ohlc,knn,implemented_adaptation,Fixed-contract126 matured 5-bar labels; trailing 5/20 price and 5 volume features; train-only min/max scaling.,not_evaluated_plugin
77,3.18,Statistical arbitrage – optimization,55,56,context:library/151-trading-strategies/original/151-trading-strategies.pdf,"Point-in-time adjusted equity universe, fundamentals/borrow where required","Point-in-time adjusted equity universe, fundamentals/borrow where required",,requires_separate_execution_or_allocation_spec,"Portfolio optimiser is allocation policy, not a pure forecast; requires separately frozen engine policy.",not_evaluated_plugin
78,3.19,Market-making,58,59,context:library/151-trading-strategies/original/151-trading-strategies.pdf,"Point-in-time adjusted equity universe, fundamentals/borrow where required","Point-in-time adjusted equity universe, fundamentals/borrow where required",,blocked_inputs,"Purchased six dated-futures OHLCV/curves do not supply Point-in-time adjusted equity universe, fundamentals/borrow where required.",not_evaluated_plugin
79,3.20,Alpha combos,59,60,context:library/151-trading-strategies/original/151-trading-strategies.pdf,"Point-in-time adjusted equity universe, fundamentals/borrow where required","Point-in-time adjusted equity universe, fundamentals/borrow where required",,requires_separate_execution_or_allocation_spec,"Generic forecast-combination framework, not a standalone economic signal; combine only under a frozen batch specification.",not_evaluated_plugin
80,4.1,Sector momentum rotation,61,62,context:library/151-trading-strategies/original/151-trading-strategies.pdf,Dividend-adjusted ETF OHLC and executable prices,notional_returns,rotation,implemented_adaptation,Long highest six-futures notional-return sum; not literal sector ETF universe.,not_evaluated_plugin
81,4.1.1,Sector momentum rotation with MA ﬁlter,62,63,context:library/151-trading-strategies/original/151-trading-strategies.pdf,Dividend-adjusted ETF OHLC and executable prices,notional_returns;ohlc,rotation_ma,implemented_adaptation,Highest root admitted only above own prior 120-bar SMA; otherwise cash.,not_evaluated_plugin
82,4.1.2,Dual-momentum sector rotation,62,63,context:library/151-trading-strategies/original/151-trading-strategies.pdf,Dividend-adjusted ETF OHLC and executable prices,notional_returns;ohlc,dual_rotation,implemented_adaptation,"ES broad-market proxy; GC fallback is declared, not guaranteed uncorrelated.",not_evaluated_plugin
83,4.2,Alpha rotation,63,64,context:library/151-trading-strategies/original/151-trading-strategies.pdf,Dividend-adjusted ETF OHLC and executable prices,Dividend-adjusted ETF OHLC and executable prices,,blocked_inputs,Historical Fama-French factors absent.,not_evaluated_plugin
84,4.3,R-squared,63,64,context:library/151-trading-strategies/original/151-trading-strategies.pdf,Dividend-adjusted ETF OHLC and executable prices,Dividend-adjusted ETF OHLC and executable prices,,blocked_inputs,Historical Fama-French/Carhart factors and broad ETF universe absent.,not_evaluated_plugin
85,4.4,Mean-reversion,64,65,context:library/151-trading-strategies/original/151-trading-strategies.pdf,Dividend-adjusted ETF OHLC and executable prices,ohlc,ibs,implemented_adaptation,Long lowest/short highest IBS; one per side replaces infeasible six-root deciles.,not_evaluated_plugin
86,4.5,Leveraged ETFs (LETFs),64,65,context:library/151-trading-strategies/original/151-trading-strategies.pdf,Dividend-adjusted ETF OHLC and executable prices,Dividend-adjusted ETF OHLC and executable prices,,blocked_inputs,Actual leveraged ETF legs and financing absent; futures do not replicate ETF daily-reset cashflows.,not_evaluated_plugin
87,4.6,Multi-asset trend following,65,66,context:library/151-trading-strategies/original/151-trading-strategies.pdf,Dividend-adjusted ETF OHLC and executable prices,ohlc,single_ma,implemented_adaptation,Fixed dated-contract price vs strictly previous-bar SMA; common futures risk policy.,not_evaluated_plugin
88,5.2,Bullets,69,70,context:library/151-trading-strategies/original/151-trading-strategies.pdf,"Bond clean/dirty prices, coupons, curves, credit and financing","Bond clean/dirty prices, coupons, curves, credit and financing",,blocked_inputs,"Purchased six dated-futures OHLCV/curves do not supply Bond clean/dirty prices, coupons, curves, credit and financing.",not_evaluated_plugin
89,5.3,Barbells,69,70,context:library/151-trading-strategies/original/151-trading-strategies.pdf,"Bond clean/dirty prices, coupons, curves, credit and financing","Bond clean/dirty prices, coupons, curves, credit and financing",,blocked_inputs,"Purchased six dated-futures OHLCV/curves do not supply Bond clean/dirty prices, coupons, curves, credit and financing.",not_evaluated_plugin
90,5.4,Ladders,70,71,context:library/151-trading-strategies/original/151-trading-strategies.pdf,"Bond clean/dirty prices, coupons, curves, credit and financing","Bond clean/dirty prices, coupons, curves, credit and financing",,blocked_inputs,"Purchased six dated-futures OHLCV/curves do not supply Bond clean/dirty prices, coupons, curves, credit and financing.",not_evaluated_plugin
91,5.5,Bond immunization,70,71,context:library/151-trading-strategies/original/151-trading-strategies.pdf,"Bond clean/dirty prices, coupons, curves, credit and financing","Bond clean/dirty prices, coupons, curves, credit and financing",,blocked_inputs,"Purchased six dated-futures OHLCV/curves do not supply Bond clean/dirty prices, coupons, curves, credit and financing.",not_evaluated_plugin
92,5.6,Dollar-duration-neutral butterﬂy,71,72,context:library/151-trading-strategies/original/151-trading-strategies.pdf,"Bond clean/dirty prices, coupons, curves, credit and financing","Bond clean/dirty prices, coupons, curves, credit and financing",,blocked_inputs,"Purchased six dated-futures OHLCV/curves do not supply Bond clean/dirty prices, coupons, curves, credit and financing.",not_evaluated_plugin
93,5.7,Fifty-ﬁfty butterﬂy,72,73,context:library/151-trading-strategies/original/151-trading-strategies.pdf,"Bond clean/dirty prices, coupons, curves, credit and financing","Bond clean/dirty prices, coupons, curves, credit and financing",,blocked_inputs,"Purchased six dated-futures OHLCV/curves do not supply Bond clean/dirty prices, coupons, curves, credit and financing.",not_evaluated_plugin
94,5.8,Regression-weighted butterﬂy,72,73,context:library/151-trading-strategies/original/151-trading-strategies.pdf,"Bond clean/dirty prices, coupons, curves, credit and financing","Bond clean/dirty prices, coupons, curves, credit and financing",,blocked_inputs,"Purchased six dated-futures OHLCV/curves do not supply Bond clean/dirty prices, coupons, curves, credit and financing.",not_evaluated_plugin
95,5.8.1,Maturity-weighted butterﬂy,73,74,context:library/151-trading-strategies/original/151-trading-strategies.pdf,"Bond clean/dirty prices, coupons, curves, credit and financing","Bond clean/dirty prices, coupons, curves, credit and financing",,blocked_inputs,"Purchased six dated-futures OHLCV/curves do not supply Bond clean/dirty prices, coupons, curves, credit and financing.",not_evaluated_plugin
96,5.9,Low-risk factor,73,74,context:library/151-trading-strategies/original/151-trading-strategies.pdf,"Bond clean/dirty prices, coupons, curves, credit and financing","Bond clean/dirty prices, coupons, curves, credit and financing",,blocked_inputs,"Purchased six dated-futures OHLCV/curves do not supply Bond clean/dirty prices, coupons, curves, credit and financing.",not_evaluated_plugin
97,5.10,Value factor,73,74,context:library/151-trading-strategies/original/151-trading-strategies.pdf,"Bond clean/dirty prices, coupons, curves, credit and financing","Bond clean/dirty prices, coupons, curves, credit and financing",,blocked_inputs,"Purchased six dated-futures OHLCV/curves do not supply Bond clean/dirty prices, coupons, curves, credit and financing.",not_evaluated_plugin
98,5.11,Carry factor,74,75,context:library/151-trading-strategies/original/151-trading-strategies.pdf,"Bond clean/dirty prices, coupons, curves, credit and financing","Bond clean/dirty prices, coupons, curves, credit and financing",,blocked_inputs,"Purchased six dated-futures OHLCV/curves do not supply Bond clean/dirty prices, coupons, curves, credit and financing.",not_evaluated_plugin
99,5.12,Rolling down the yield curve,74,75,context:library/151-trading-strategies/original/151-trading-strategies.pdf,"Bond clean/dirty prices, coupons, curves, credit and financing","Bond clean/dirty prices, coupons, curves, credit and financing",,blocked_inputs,"Purchased six dated-futures OHLCV/curves do not supply Bond clean/dirty prices, coupons, curves, credit and financing.",not_evaluated_plugin
100,5.13,Yield curve spread (ﬂatteners & steepeners),75,76,context:library/151-trading-strategies/original/151-trading-strategies.pdf,"Bond clean/dirty prices, coupons, curves, credit and financing","Bond clean/dirty prices, coupons, curves, credit and financing",,blocked_inputs,"Purchased six dated-futures OHLCV/curves do not supply Bond clean/dirty prices, coupons, curves, credit and financing.",not_evaluated_plugin
101,5.14,CDS basis arbitrage,75,76,context:library/151-trading-strategies/original/151-trading-strategies.pdf,"Bond clean/dirty prices, coupons, curves, credit and financing","Bond clean/dirty prices, coupons, curves, credit and financing",,blocked_inputs,"Purchased six dated-futures OHLCV/curves do not supply Bond clean/dirty prices, coupons, curves, credit and financing.",not_evaluated_plugin
102,5.15,Swap-spread arbitrage,76,77,context:library/151-trading-strategies/original/151-trading-strategies.pdf,"Bond clean/dirty prices, coupons, curves, credit and financing","Bond clean/dirty prices, coupons, curves, credit and financing",,blocked_inputs,"Purchased six dated-futures OHLCV/curves do not supply Bond clean/dirty prices, coupons, curves, credit and financing.",not_evaluated_plugin
103,6.2,Cash-and-carry arbitrage,77,78,context:library/151-trading-strategies/original/151-trading-strategies.pdf,Cash index components and futures/ETF prices,Cash index components and futures/ETF prices,,blocked_inputs,Cash index basket/spot leg and financing absent; outright futures alone are not cash-and-carry.,not_evaluated_plugin
104,6.3,Dispersion trading in equity indexes,77,78,context:library/151-trading-strategies/original/151-trading-strategies.pdf,Cash index components and futures/ETF prices,Cash index components and futures/ETF prices,,blocked_inputs,Purchased six dated-futures OHLCV/curves do not supply Cash index components and futures/ETF prices.,not_evaluated_plugin
105,6.3.1,Dispersion trading – subset portfolio,78,79,context:library/151-trading-strategies/original/151-trading-strategies.pdf,Cash index components and futures/ETF prices,Cash index components and futures/ETF prices,,blocked_inputs,Purchased six dated-futures OHLCV/curves do not supply Cash index components and futures/ETF prices.,not_evaluated_plugin
106,6.4,Intraday arbitrage between index ETFs,79,80,context:library/151-trading-strategies/original/151-trading-strategies.pdf,Cash index components and futures/ETF prices,Cash index components and futures/ETF prices,,blocked_inputs,Purchased six dated-futures OHLCV/curves do not supply Cash index components and futures/ETF prices.,not_evaluated_plugin
107,6.5,Index volatility targeting with risk-free asset,80,81,context:library/151-trading-strategies/original/151-trading-strategies.pdf,Cash index components and futures/ETF prices,Cash index components and futures/ETF prices,,requires_separate_execution_or_allocation_spec,"Volatility targeting is an engine allocation/cash policy, not a pure predictive signal.",not_evaluated_plugin
108,7.2,VIX futures basis trading,81,82,context:library/151-trading-strategies/original/151-trading-strategies.pdf,"VIX futures term structure, ETN adjustments/options","VIX futures term structure, ETN adjustments/options",,blocked_inputs,"Purchased six dated-futures OHLCV/curves do not supply VIX futures term structure, ETN adjustments/options.",not_evaluated_plugin
109,7.3,Volatility carry with two ETNs,82,83,context:library/151-trading-strategies/original/151-trading-strategies.pdf,"VIX futures term structure, ETN adjustments/options","VIX futures term structure, ETN adjustments/options",,blocked_inputs,"Purchased six dated-futures OHLCV/curves do not supply VIX futures term structure, ETN adjustments/options.",not_evaluated_plugin
110,7.3.1,Hedging short VXX with VIX futures,82,83,context:library/151-trading-strategies/original/151-trading-strategies.pdf,"VIX futures term structure, ETN adjustments/options","VIX futures term structure, ETN adjustments/options",,blocked_inputs,"Purchased six dated-futures OHLCV/curves do not supply VIX futures term structure, ETN adjustments/options.",not_evaluated_plugin
111,7.4,Volatility risk premium,83,84,context:library/151-trading-strategies/original/151-trading-strategies.pdf,"VIX futures term structure, ETN adjustments/options","VIX futures term structure, ETN adjustments/options",,blocked_inputs,"Purchased six dated-futures OHLCV/curves do not supply VIX futures term structure, ETN adjustments/options.",not_evaluated_plugin
112,7.4.1,Volatility risk premium with Gamma hedging,83,84,context:library/151-trading-strategies/original/151-trading-strategies.pdf,"VIX futures term structure, ETN adjustments/options","VIX futures term structure, ETN adjustments/options",,blocked_inputs,"Purchased six dated-futures OHLCV/curves do not supply VIX futures term structure, ETN adjustments/options.",not_evaluated_plugin
113,7.5,Volatility skew – long risk reversal,84,85,context:library/151-trading-strategies/original/151-trading-strategies.pdf,"VIX futures term structure, ETN adjustments/options","VIX futures term structure, ETN adjustments/options",,blocked_inputs,"Purchased six dated-futures OHLCV/curves do not supply VIX futures term structure, ETN adjustments/options.",not_evaluated_plugin
114,7.6,Volatility trading with variance swaps,84,85,context:library/151-trading-strategies/original/151-trading-strategies.pdf,"VIX futures term structure, ETN adjustments/options","VIX futures term structure, ETN adjustments/options",,blocked_inputs,"Purchased six dated-futures OHLCV/curves do not supply VIX futures term structure, ETN adjustments/options.",not_evaluated_plugin
115,8.1,Moving averages with HP ﬁlter,85,86,context:library/151-trading-strategies/original/151-trading-strategies.pdf,Spot/forward quotes and rates with availability times,ohlc,hp_ma,implemented_adaptation,"Purchased 6E futures proxy, trailing 126-bar endpoint HP then 10/30 SMA; daily windows not literal multiyear spot.",not_evaluated_plugin
116,8.2,Carry trade,86,87,context:library/151-trading-strategies/original/151-trading-strategies.pdf,Spot/forward quotes and rates with availability times,Spot/forward quotes and rates with availability times,,blocked_inputs,FX deposit/borrowing rates and spot currency funding legs absent.,not_evaluated_plugin
117,8.2.1,High-minus-low carry,87,88,context:library/151-trading-strategies/original/151-trading-strategies.pdf,Spot/forward quotes and rates with availability times,Spot/forward quotes and rates with availability times,,blocked_inputs,Cross-currency deposit rates and broad currency universe absent.,not_evaluated_plugin
118,8.3,Dollar carry trade,88,89,context:library/151-trading-strategies/original/151-trading-strategies.pdf,Spot/forward quotes and rates with availability times,Spot/forward quotes and rates with availability times,,blocked_inputs,Currency funding rates/baskets absent; single6E does not establish dollar carry.,not_evaluated_plugin
119,8.4,Momentum & carry combo,88,89,context:library/151-trading-strategies/original/151-trading-strategies.pdf,Spot/forward quotes and rates with availability times,Spot/forward quotes and rates with availability times,,blocked_inputs,Price momentum possible but required currency carry rates absent; no fabricated combo factor.,not_evaluated_plugin
120,8.5,FX triangular arbitrage,89,90,context:library/151-trading-strategies/original/151-trading-strategies.pdf,Spot/forward quotes and rates with availability times,Spot/forward quotes and rates with availability times,,blocked_inputs,Three executable spot FX crosses/quotes absent.,not_evaluated_plugin
121,9.1,Roll yields,89,90,context:library/151-trading-strategies/original/151-trading-strategies.pdf,"Individual futures contracts, curves and/or dated COT",curve,carry,implemented_adaptation,"Annualised near/far slope, demean CL/GC; trade eligible outright, not free roll gaps.",not_evaluated_plugin
122,9.2,Trading based on hedging pressure,90,91,context:library/151-trading-strategies/original/151-trading-strategies.pdf,"Individual futures contracts, curves and/or dated COT","Individual futures contracts, curves and/or dated COT",,blocked_inputs,CFTC first-publication vintages not established; recorded feasibility failure before outcomes.,not_evaluated_plugin
123,9.3,Portfolio diversiﬁcation with commodities,90,91,context:library/151-trading-strategies/original/151-trading-strategies.pdf,"Individual futures contracts, curves and/or dated COT",,commodity_long,implemented_adaptation,"CL/GC long exposure control, not an alpha candidate.",not_evaluated_plugin
124,9.4,Value,90,91,context:library/151-trading-strategies/original/151-trading-strategies.pdf,"Individual futures contracts, curves and/or dated COT","Individual futures contracts, curves and/or dated COT",,blocked_inputs,Historical real commodity spot prices/deflator over5years absent.,not_evaluated_plugin
125,9.5,Skewness premium,91,92,context:library/151-trading-strategies/original/151-trading-strategies.pdf,"Individual futures contracts, curves and/or dated COT",notional_returns,skewness,implemented_adaptation,Exact book moment statistic; CL/GC opposite ranks replace broad commodity quintiles.,not_evaluated_plugin
126,9.6,Trading with pricing models,91,92,context:library/151-trading-strategies/original/151-trading-strategies.pdf,"Individual futures contracts, curves and/or dated COT","Individual futures contracts, curves and/or dated COT",,blocked_inputs,Book underlying spot-price series and pricing calibration absent; dated curve alone does not supply spot dynamics.,not_evaluated_plugin
127,10.1,Hedging risk with futures,92,93,context:library/151-trading-strategies/original/151-trading-strategies.pdf,"Individual futures quotes, expiries, multipliers and rolls","Individual futures quotes, expiries, multipliers and rolls",,requires_separate_execution_or_allocation_spec,Requires an actual underlying exposure to hedge; hedging overlay is not a forecast.,not_evaluated_plugin
128,10.1.1,Cross-hedging,93,94,context:library/151-trading-strategies/original/151-trading-strategies.pdf,"Individual futures quotes, expiries, multipliers and rolls","Individual futures quotes, expiries, multipliers and rolls",,blocked_inputs,Underlying spot exposure/basis absent.,not_evaluated_plugin
129,10.1.2,Interest rate risk hedging,93,94,context:library/151-trading-strategies/original/151-trading-strategies.pdf,"Individual futures quotes, expiries, multipliers and rolls","Individual futures quotes, expiries, multipliers and rolls",,blocked_inputs,Cash bond/delivery basket/duration/conversion factor exposures absent.,not_evaluated_plugin
130,10.2,Calendar spread,94,95,context:library/151-trading-strategies/original/151-trading-strategies.pdf,"Individual futures quotes, expiries, multipliers and rolls","Individual futures quotes, expiries, multipliers and rolls",,requires_separate_execution_or_allocation_spec,Dated legs exist but root-score interface cannot express two same-root maturities; spread execution and forecast need separate frozen specification.,not_evaluated_plugin
131,10.3,Contrarian trading (mean-reversion),95,96,context:library/151-trading-strategies/original/151-trading-strategies.pdf,"Individual futures quotes, expiries, multipliers and rolls",point_changes,reversal,implemented_adaptation,Normalise point changes by 63-bar volatility before demean; six heterogeneous risk units.,not_evaluated_plugin
132,10.3.1,Contrarian trading – market activity,95,96,context:library/151-trading-strategies/original/151-trading-strategies.pdf,"Individual futures quotes, expiries, multipliers and rolls",point_changes;whole_root_volume,volume_reversal,implemented_adaptation,"Volume-only adaptation: frozen five-bar base, no unavailable open-interest filter.",not_evaluated_plugin
133,10.4,Trend following (momentum),96,97,context:library/151-trading-strategies/original/151-trading-strategies.pdf,"Individual futures quotes, expiries, multipliers and rolls",point_changes,trend,implemented_adaptation,Sign of same-contract point-change sum; engine applies common volatility risk policy.,not_evaluated_plugin
134,11.2,"Carry, equity tranche – index hedging",99,100,context:library/151-trading-strategies/original/151-trading-strategies.pdf,"Tranche/credit quotes, default exposure and funding","Tranche/credit quotes, default exposure and funding",,blocked_inputs,"Purchased six dated-futures OHLCV/curves do not supply Tranche/credit quotes, default exposure and funding.",not_evaluated_plugin
135,11.3,"Carry, senior/mezzanine – index hedging",99,100,context:library/151-trading-strategies/original/151-trading-strategies.pdf,"Tranche/credit quotes, default exposure and funding","Tranche/credit quotes, default exposure and funding",,blocked_inputs,"Purchased six dated-futures OHLCV/curves do not supply Tranche/credit quotes, default exposure and funding.",not_evaluated_plugin
136,11.4,Carry – tranche hedging,99,100,context:library/151-trading-strategies/original/151-trading-strategies.pdf,"Tranche/credit quotes, default exposure and funding","Tranche/credit quotes, default exposure and funding",,blocked_inputs,"Purchased six dated-futures OHLCV/curves do not supply Tranche/credit quotes, default exposure and funding.",not_evaluated_plugin
137,11.5,Carry – CDS hedging,100,101,context:library/151-trading-strategies/original/151-trading-strategies.pdf,"Tranche/credit quotes, default exposure and funding","Tranche/credit quotes, default exposure and funding",,blocked_inputs,"Purchased six dated-futures OHLCV/curves do not supply Tranche/credit quotes, default exposure and funding.",not_evaluated_plugin
138,11.6,CDOs – curve trades,100,101,context:library/151-trading-strategies/original/151-trading-strategies.pdf,"Tranche/credit quotes, default exposure and funding","Tranche/credit quotes, default exposure and funding",,blocked_inputs,"Purchased six dated-futures OHLCV/curves do not supply Tranche/credit quotes, default exposure and funding.",not_evaluated_plugin
139,11.7,Mortgage-backed security (MBS) trading,100,101,context:library/151-trading-strategies/original/151-trading-strategies.pdf,"Tranche/credit quotes, default exposure and funding","Tranche/credit quotes, default exposure and funding",,blocked_inputs,"Purchased six dated-futures OHLCV/curves do not supply Tranche/credit quotes, default exposure and funding.",not_evaluated_plugin
140,12.1,Convertible arbitrage,101,102,context:library/151-trading-strategies/original/151-trading-strategies.pdf,"Convertible quotes, bond/option inputs and stock borrow","Convertible quotes, bond/option inputs and stock borrow",,blocked_inputs,"Purchased six dated-futures OHLCV/curves do not supply Convertible quotes, bond/option inputs and stock borrow.",not_evaluated_plugin
141,12.2,Convertible option-adjusted spread,102,103,context:library/151-trading-strategies/original/151-trading-strategies.pdf,"Convertible quotes, bond/option inputs and stock borrow","Convertible quotes, bond/option inputs and stock borrow",,blocked_inputs,"Purchased six dated-futures OHLCV/curves do not supply Convertible quotes, bond/option inputs and stock borrow.",not_evaluated_plugin
142,13.1,Municipal bond tax arbitrage,102,103,context:library/151-trading-strategies/original/151-trading-strategies.pdf,"Investor tax jurisdiction, dated tax rules and assets","Investor tax jurisdiction, dated tax rules and assets",,blocked_inputs,"Purchased six dated-futures OHLCV/curves do not supply Investor tax jurisdiction, dated tax rules and assets.",not_evaluated_plugin
143,13.2,Cross-border tax arbitrage,103,104,context:library/151-trading-strategies/original/151-trading-strategies.pdf,"Investor tax jurisdiction, dated tax rules and assets","Investor tax jurisdiction, dated tax rules and assets",,blocked_inputs,"Purchased six dated-futures OHLCV/curves do not supply Investor tax jurisdiction, dated tax rules and assets.",not_evaluated_plugin
144,13.2.1,Cross-border tax arbitrage with options,104,105,context:library/151-trading-strategies/original/151-trading-strategies.pdf,"Investor tax jurisdiction, dated tax rules and assets","Investor tax jurisdiction, dated tax rules and assets",,blocked_inputs,"Purchased six dated-futures OHLCV/curves do not supply Investor tax jurisdiction, dated tax rules and assets.",not_evaluated_plugin
145,14.1,Inﬂation hedging – inﬂation swaps,104,105,context:library/151-trading-strategies/original/151-trading-strategies.pdf,"Tradable inflation, weather or energy contracts and fundamentals","Tradable inflation, weather or energy contracts and fundamentals",,blocked_inputs,"Purchased six dated-futures OHLCV/curves do not supply Tradable inflation, weather or energy contracts and fundamentals.",not_evaluated_plugin
146,14.2,TIPS-Treasury arbitrage,105,106,context:library/151-trading-strategies/original/151-trading-strategies.pdf,"Tradable inflation, weather or energy contracts and fundamentals","Tradable inflation, weather or energy contracts and fundamentals",,blocked_inputs,"Purchased six dated-futures OHLCV/curves do not supply Tradable inflation, weather or energy contracts and fundamentals.",not_evaluated_plugin
147,14.3,Weather risk – demand hedging,106,107,context:library/151-trading-strategies/original/151-trading-strategies.pdf,"Tradable inflation, weather or energy contracts and fundamentals","Tradable inflation, weather or energy contracts and fundamentals",,blocked_inputs,"Purchased six dated-futures OHLCV/curves do not supply Tradable inflation, weather or energy contracts and fundamentals.",not_evaluated_plugin
148,14.4,Energy – spark spread,108,109,context:library/151-trading-strategies/original/151-trading-strategies.pdf,"Tradable inflation, weather or energy contracts and fundamentals","Tradable inflation, weather or energy contracts and fundamentals",,blocked_inputs,Electricity and natural-gas legs plus plant efficiency absent; purchased CL is not a spark spread.,not_evaluated_plugin
149,15.1,Buying and holding distressed debt,108,109,context:library/151-trading-strategies/original/151-trading-strategies.pdf,Distressed debt prices and legal restructuring records,Distressed debt prices and legal restructuring records,,blocked_inputs,Purchased six dated-futures OHLCV/curves do not supply Distressed debt prices and legal restructuring records.,not_evaluated_plugin
150,15.2,Active distressed investing,109,110,context:library/151-trading-strategies/original/151-trading-strategies.pdf,Distressed debt prices and legal restructuring records,Distressed debt prices and legal restructuring records,,blocked_inputs,Purchased six dated-futures OHLCV/curves do not supply Distressed debt prices and legal restructuring records.,not_evaluated_plugin
151,15.2.1,Planning a reorganization,109,110,context:library/151-trading-strategies/original/151-trading-strategies.pdf,Distressed debt prices and legal restructuring records,Distressed debt prices and legal restructuring records,,blocked_inputs,Purchased six dated-futures OHLCV/curves do not supply Distressed debt prices and legal restructuring records.,not_evaluated_plugin
152,15.2.2,Buying outstanding debt,109,110,context:library/151-trading-strategies/original/151-trading-strategies.pdf,Distressed debt prices and legal restructuring records,Distressed debt prices and legal restructuring records,,blocked_inputs,Purchased six dated-futures OHLCV/curves do not supply Distressed debt prices and legal restructuring records.,not_evaluated_plugin
153,15.2.3,Loan-to-own,110,111,context:library/151-trading-strategies/original/151-trading-strategies.pdf,Distressed debt prices and legal restructuring records,Distressed debt prices and legal restructuring records,,blocked_inputs,Purchased six dated-futures OHLCV/curves do not supply Distressed debt prices and legal restructuring records.,not_evaluated_plugin
154,15.3,Distress risk puzzle,110,111,context:library/151-trading-strategies/original/151-trading-strategies.pdf,Distressed debt prices and legal restructuring records,Distressed debt prices and legal restructuring records,,blocked_inputs,Purchased six dated-futures OHLCV/curves do not supply Distressed debt prices and legal restructuring records.,not_evaluated_plugin
155,15.3.1,Distress risk puzzle – risk management,110,111,context:library/151-trading-strategies/original/151-trading-strategies.pdf,Distressed debt prices and legal restructuring records,Distressed debt prices and legal restructuring records,,blocked_inputs,Purchased six dated-futures OHLCV/curves do not supply Distressed debt prices and legal restructuring records.,not_evaluated_plugin
156,16.2,Mixed-asset diversiﬁcation with real estate,111,112,context:library/151-trading-strategies/original/151-trading-strategies.pdf,Point-in-time property valuation and executable property assets,Point-in-time property valuation and executable property assets,,blocked_inputs,Purchased six dated-futures OHLCV/curves do not supply Point-in-time property valuation and executable property assets.,not_evaluated_plugin
157,16.3,Intra-asset diversiﬁcation within real estate,112,113,context:library/151-trading-strategies/original/151-trading-strategies.pdf,Point-in-time property valuation and executable property assets,Point-in-time property valuation and executable property assets,,blocked_inputs,Purchased six dated-futures OHLCV/curves do not supply Point-in-time property valuation and executable property assets.,not_evaluated_plugin
158,16.3.1,Property type diversiﬁcation,112,113,context:library/151-trading-strategies/original/151-trading-strategies.pdf,Point-in-time property valuation and executable property assets,Point-in-time property valuation and executable property assets,,blocked_inputs,Purchased six dated-futures OHLCV/curves do not supply Point-in-time property valuation and executable property assets.,not_evaluated_plugin
159,16.3.2,Economic diversiﬁcation,112,113,context:library/151-trading-strategies/original/151-trading-strategies.pdf,Point-in-time property valuation and executable property assets,Point-in-time property valuation and executable property assets,,blocked_inputs,Purchased six dated-futures OHLCV/curves do not supply Point-in-time property valuation and executable property assets.,not_evaluated_plugin
160,16.3.3,Property type and geographic diversiﬁcation,113,114,context:library/151-trading-strategies/original/151-trading-strategies.pdf,Point-in-time property valuation and executable property assets,Point-in-time property valuation and executable property assets,,blocked_inputs,Purchased six dated-futures OHLCV/curves do not supply Point-in-time property valuation and executable property assets.,not_evaluated_plugin
161,16.4,Real estate momentum – regional approach,113,114,context:library/151-trading-strategies/original/151-trading-strategies.pdf,Point-in-time property valuation and executable property assets,Point-in-time property valuation and executable property assets,,blocked_inputs,Purchased six dated-futures OHLCV/curves do not supply Point-in-time property valuation and executable property assets.,not_evaluated_plugin
162,16.5,Inﬂation hedging with real estate,113,114,context:library/151-trading-strategies/original/151-trading-strategies.pdf,Point-in-time property valuation and executable property assets,Point-in-time property valuation and executable property assets,,blocked_inputs,Purchased six dated-futures OHLCV/curves do not supply Point-in-time property valuation and executable property assets.,not_evaluated_plugin
163,16.6,Fix-and-ﬂip,114,115,context:library/151-trading-strategies/original/151-trading-strategies.pdf,Point-in-time property valuation and executable property assets,Point-in-time property valuation and executable property assets,,blocked_inputs,Purchased six dated-futures OHLCV/curves do not supply Point-in-time property valuation and executable property assets.,not_evaluated_plugin
164,17.2,Money laundering – the dark side of cash,114,115,context:library/151-trading-strategies/original/151-trading-strategies.pdf,Funding contracts and participant obligations,Funding contracts and participant obligations,,excluded_noninvestment,Not an admissible investment research strategy.,not_evaluated_plugin
165,17.3,Liquidity management,115,116,context:library/151-trading-strategies/original/151-trading-strategies.pdf,Funding contracts and participant obligations,Funding contracts and participant obligations,,blocked_inputs,Purchased six dated-futures OHLCV/curves do not supply Funding contracts and participant obligations.,not_evaluated_plugin
166,17.4,Repurchase agreement (REPO),115,116,context:library/151-trading-strategies/original/151-trading-strategies.pdf,Funding contracts and participant obligations,Funding contracts and participant obligations,,blocked_inputs,Purchased six dated-futures OHLCV/curves do not supply Funding contracts and participant obligations.,not_evaluated_plugin
167,17.5,Pawnbroking,115,116,context:library/151-trading-strategies/original/151-trading-strategies.pdf,Funding contracts and participant obligations,Funding contracts and participant obligations,,blocked_inputs,Purchased six dated-futures OHLCV/curves do not supply Funding contracts and participant obligations.,not_evaluated_plugin
168,17.6,Loan sharking,116,117,context:library/151-trading-strategies/original/151-trading-strategies.pdf,Funding contracts and participant obligations,Funding contracts and participant obligations,,blocked_inputs,Purchased six dated-futures OHLCV/curves do not supply Funding contracts and participant obligations.,not_evaluated_plugin
169,18.2,Artiﬁcial neural network (ANN),116,117,context:library/151-trading-strategies/original/151-trading-strategies.pdf,Historical crypto prices or dated sentiment corpus,Historical crypto prices or dated sentiment corpus,,blocked_inputs,Purchased six dated-futures OHLCV/curves do not supply Historical crypto prices or dated sentiment corpus.,not_evaluated_plugin
170,18.3,Sentiment analysis – na¨ ıve Bayes Bernoulli,120,121,context:library/151-trading-strategies/original/151-trading-strategies.pdf,Historical crypto prices or dated sentiment corpus,Historical crypto prices or dated sentiment corpus,,blocked_inputs,Purchased six dated-futures OHLCV/curves do not supply Historical crypto prices or dated sentiment corpus.,not_evaluated_plugin
171,19.2,Fundamental macro momentum,122,123,context:library/151-trading-strategies/original/151-trading-strategies.pdf,Dated macro releases/vintages and tradable asset prices,Dated macro releases/vintages and tradable asset prices,,blocked_inputs,Purchased six dated-futures OHLCV/curves do not supply Dated macro releases/vintages and tradable asset prices.,not_evaluated_plugin
172,19.3,Global macro inﬂation hedge,122,123,context:library/151-trading-strategies/original/151-trading-strategies.pdf,Dated macro releases/vintages and tradable asset prices,Dated macro releases/vintages and tradable asset prices,,blocked_inputs,Purchased six dated-futures OHLCV/curves do not supply Dated macro releases/vintages and tradable asset prices.,not_evaluated_plugin
173,19.4,Global ﬁxed-income strategy,123,124,context:library/151-trading-strategies/original/151-trading-strategies.pdf,Dated macro releases/vintages and tradable asset prices,Dated macro releases/vintages and tradable asset prices,,blocked_inputs,Purchased six dated-futures OHLCV/curves do not supply Dated macro releases/vintages and tradable asset prices.,not_evaluated_plugin
174,19.5,Trading on economic announcements,123,124,context:library/151-trading-strategies/original/151-trading-strategies.pdf,Dated macro releases/vintages and tradable asset prices,Dated macro releases/vintages and tradable asset prices,,blocked_inputs,Purchased six dated-futures OHLCV/curves do not supply Dated macro releases/vintages and tradable asset prices.,not_evaluated_plugin
