ticker,covered_from,covered_until,source
ADS.DE,2025-03-10,2025-07-28,https://www.stoxx.com/documents/stoxxnet/Documents/Indices/Common/Indexguide/Historical_Index_Compositions.pdf
AIR.DE,2025-03-10,2025-07-28,https://www.stoxx.com/documents/stoxxnet/Documents/Indices/Common/Indexguide/Historical_Index_Compositions.pdf
ALV.DE,2025-03-10,2025-07-28,https://www.stoxx.com/documents/stoxxnet/Documents/Indices/Common/Indexguide/Historical_Index_Compositions.pdf
BAS.DE,2025-03-10,2025-07-28,https://www.stoxx.com/documents/stoxxnet/Documents/Indices/Common/Indexguide/Historical_Index_Compositions.pdf
BAYN.DE,2025-03-10,2025-07-28,https://www.stoxx.com/documents/stoxxnet/Documents/Indices/Common/Indexguide/Historical_Index_Compositions.pdf
BEI.DE,2025-03-10,2025-07-28,https://www.stoxx.com/documents/stoxxnet/Documents/Indices/Common/Indexguide/Historical_Index_Compositions.pdf
BMW.DE,2025-03-10,2025-07-28,https://www.stoxx.com/documents/stoxxnet/Documents/Indices/Common/Indexguide/Historical_Index_Compositions.pdf
BNR.DE,2025-03-10,2025-07-28,https://www.stoxx.com/documents/stoxxnet/Documents/Indices/Common/Indexguide/Historical_Index_Compositions.pdf
CBK.DE,2025-03-10,2025-07-28,https://www.stoxx.com/documents/stoxxnet/Documents/Indices/Common/Indexguide/Historical_Index_Compositions.pdf
CON.DE,2025-03-10,2025-07-28,https://www.stoxx.com/documents/stoxxnet/Documents/Indices/Common/Indexguide/Historical_Index_Compositions.pdf
DB1.DE,2025-03-10,2025-07-28,https://www.stoxx.com/documents/stoxxnet/Documents/Indices/Common/Indexguide/Historical_Index_Compositions.pdf
DBK.DE,2025-03-10,2025-07-28,https://www.stoxx.com/documents/stoxxnet/Documents/Indices/Common/Indexguide/Historical_Index_Compositions.pdf
DHL.DE,2025-03-10,2025-07-28,https://www.stoxx.com/documents/stoxxnet/Documents/Indices/Common/Indexguide/Historical_Index_Compositions.pdf
DTE.DE,2025-03-10,2025-07-28,https://www.stoxx.com/documents/stoxxnet/Documents/Indices/Common/Indexguide/Historical_Index_Compositions.pdf
DTG.DE,2025-03-10,2025-07-28,https://www.stoxx.com/documents/stoxxnet/Documents/Indices/Common/Indexguide/Historical_Index_Compositions.pdf
ENR.DE,2025-03-10,2025-07-28,https://www.stoxx.com/documents/stoxxnet/Documents/Indices/Common/Indexguide/Historical_Index_Compositions.pdf
EOAN.DE,2025-03-10,2025-07-28,https://www.stoxx.com/documents/stoxxnet/Documents/Indices/Common/Indexguide/Historical_Index_Compositions.pdf
FME.DE,2025-03-10,2025-07-28,https://www.stoxx.com/documents/stoxxnet/Documents/Indices/Common/Indexguide/Historical_Index_Compositions.pdf
FRE.DE,2025-03-10,2025-07-28,https://www.stoxx.com/documents/stoxxnet/Documents/Indices/Common/Indexguide/Historical_Index_Compositions.pdf
HEI.DE,2025-03-10,2025-07-28,https://www.stoxx.com/documents/stoxxnet/Documents/Indices/Common/Indexguide/Historical_Index_Compositions.pdf
HEN3.DE,2025-03-10,2025-07-28,https://www.stoxx.com/documents/stoxxnet/Documents/Indices/Common/Indexguide/Historical_Index_Compositions.pdf
HNR1.DE,2025-03-10,2025-07-28,https://www.stoxx.com/documents/stoxxnet/Documents/Indices/Common/Indexguide/Historical_Index_Compositions.pdf
IFX.DE,2025-03-10,2025-07-28,https://www.stoxx.com/documents/stoxxnet/Documents/Indices/Common/Indexguide/Historical_Index_Compositions.pdf
MBG.DE,2025-03-10,2025-07-28,https://www.stoxx.com/documents/stoxxnet/Documents/Indices/Common/Indexguide/Historical_Index_Compositions.pdf
MRK.DE,2025-03-10,2025-07-28,https://www.stoxx.com/documents/stoxxnet/Documents/Indices/Common/Indexguide/Historical_Index_Compositions.pdf
MTX.DE,2025-03-10,2025-07-28,https://www.stoxx.com/documents/stoxxnet/Documents/Indices/Common/Indexguide/Historical_Index_Compositions.pdf
MUV2.DE,2025-03-10,2025-07-28,https://www.stoxx.com/documents/stoxxnet/Documents/Indices/Common/Indexguide/Historical_Index_Compositions.pdf
P911.DE,2025-03-10,2025-07-28,https://www.stoxx.com/documents/stoxxnet/Documents/Indices/Common/Indexguide/Historical_Index_Compositions.pdf
PAH3.DE,2025-03-10,2025-07-28,https://www.stoxx.com/documents/stoxxnet/Documents/Indices/Common/Indexguide/Historical_Index_Compositions.pdf
QIA.DE,2025-03-10,2025-07-28,https://www.stoxx.com/documents/stoxxnet/Documents/Indices/Common/Indexguide/Historical_Index_Compositions.pdf
RHM.DE,2025-03-10,2025-07-28,https://www.stoxx.com/documents/stoxxnet/Documents/Indices/Common/Indexguide/Historical_Index_Compositions.pdf
RWE.DE,2025-03-10,2025-07-28,https://www.stoxx.com/documents/stoxxnet/Documents/Indices/Common/Indexguide/Historical_Index_Compositions.pdf
SAP.DE,2025-03-10,2025-07-28,https://www.stoxx.com/documents/stoxxnet/Documents/Indices/Common/Indexguide/Historical_Index_Compositions.pdf
SHL.DE,2025-03-10,2025-07-28,https://www.stoxx.com/documents/stoxxnet/Documents/Indices/Common/Indexguide/Historical_Index_Compositions.pdf
SIE.DE,2025-03-10,2025-07-28,https://www.stoxx.com/documents/stoxxnet/Documents/Indices/Common/Indexguide/Historical_Index_Compositions.pdf
SRT3.DE,2025-03-10,2025-07-28,https://www.stoxx.com/documents/stoxxnet/Documents/Indices/Common/Indexguide/Historical_Index_Compositions.pdf
SY1.DE,2025-03-10,2025-07-28,https://www.stoxx.com/documents/stoxxnet/Documents/Indices/Common/Indexguide/Historical_Index_Compositions.pdf
VNA.DE,2025-03-10,2025-07-28,https://www.stoxx.com/documents/stoxxnet/Documents/Indices/Common/Indexguide/Historical_Index_Compositions.pdf
VOW3.DE,2025-03-10,2025-07-28,https://www.stoxx.com/documents/stoxxnet/Documents/Indices/Common/Indexguide/Historical_Index_Compositions.pdf
ZAL.DE,2025-03-10,2025-07-28,https://www.stoxx.com/documents/stoxxnet/Documents/Indices/Common/Indexguide/Historical_Index_Compositions.pdf
